login,name,company,location,email,hireable,bio,public_repos,followers,following,created_at
emmabostian,,,,,,,0,0,0,
emilk,,,,,,,0,0,0,
mpj,,,,,,,0,0,0,
hrydgard,,,,,,,0,0,0,
eriklindernoren,,,,,,,0,0,0,
spotify,,,,,,,0,0,0,
arvidn,,,,,,,0,0,0,
aladdinpersson,,,,,,,0,0,0,
khaosdoctor,,,,,,,0,0,0,
Mojang,,,,,,,0,0,0,
joearms,,,,,,,0,0,0,
emilbjornson,,,,,,,0,0,0,
Dinnerbone,,,,,,,0,0,0,
fornwall,,,,,,,0,0,0,
victorbjorklund,,,,,,,0,0,0,
wader,,,,,,,0,0,0,
bella-silveira,,,,,,,0,0,0,
davidsandberg,,,,,,,0,0,0,
Nyholm,,,,,,,0,0,0,
xNotch,,,,,,,0,0,0,
dejwid,,,,,,,0,0,0,
ivanpaulovich,,,,,,,0,0,0,
marcusolsson,,,,,,,0,0,0,
EmbarkStudios,,,,,,,0,0,0,
torkelo,,,,,,,0,0,0,
AhsanAyaz,,,,,,,0,0,0,
satansdeer,,,,,,,0,0,0,
Grimler91,,,,,,,0,0,0,
marmelroy,,,,,,,0,0,0,
LinusU,,,,,,,0,0,0,
williamboman,,,,,,,0,0,0,
kushaldas,,,,,,,0,0,0,
Bogdan-Lyashenko,,,,,,,0,0,0,
h3r2tic,,,,,,,0,0,0,
rvirding,,,,,,,0,0,0,
fu5ha,,,,,,,0,0,0,
leostera,,,,,,,0,0,0,
glrodasz,,,,,,,0,0,0,
schteppe,,,,,,,0,0,0,
ewels,,,,,,,0,0,0,
repi,,,,,,,0,0,0,
isveckrali,,,,,,,0,0,0,
tulios,,,,,,,0,0,0,
tadeuzagallo,,,,,,,0,0,0,
javve,,,,,,,0,0,0,
thmsgbrt,,,,,,,0,0,0,
JoelBesada,,,,,,,0,0,0,
danielsaidi,,,,,,,0,0,0,
johannilsson,,,,,,,0,0,0,
spydon,,,,,,,0,0,0,
pontusab,,,,,,,0,0,0,
EmmaDawsonDev,,,,,,,0,0,0,
veggiemonk,,,,,,,0,0,0,
aboullaite,,,,,,,0,0,0,
svmiller,,,,,,,0,0,0,
lydell,,,,,,,0,0,0,
sebh,,,,,,,0,0,0,
slicedlime,,,,,,,0,0,0,
pmmmwh,,,,,,,0,0,0,
mattiasgustavsson,,,,,,,0,0,0,
rogeralsing,,,,,,,0,0,0,
ivan-liljeqvist,,,,,,,0,0,0,
korthaj,,,,,,,0,0,0,
shoghicp,,,,,,,0,0,0,
kaishin,,,,,,,0,0,0,
Habrador,,,,,,,0,0,0,
darius-khll,,,,,,,0,0,0,
a7ul,,,,,,,0,0,0,
foolip,,,,,,,0,0,0,
fregu856,,,,,,,0,0,0,
Lauszus,,,,,,,0,0,0,
dbarrosop,,,,,,,0,0,0,
iamstarkov,,,,,,,0,0,0,
NicolasPetton,,,,,,,0,0,0,
vlidholt,,,,,,,0,0,0,
alexdrone,,,,,,,0,0,0,
Kin-Zhang,,,,,,,0,0,0,
britzl,,,,,,,0,0,0,
carolinan,,,,,,,0,0,0,
peterhellberg,,,,,,,0,0,0,
sagatowski,,,,,,,0,0,0,
quarnster,,,,,,,0,0,0,
isabellaalstrom,,,,,,,0,0,0,
LeuisKen,,,,,,,0,0,0,
carlthome,,,,,,,0,0,0,
sebbekarlsson,,,,,,,0,0,0,
Rugvip,,,,,,,0,0,0,
heyman,,,,,,,0,0,0,
ubuwaits,,,,,,,0,0,0,
DanielRapp,,,,,,,0,0,0,
nevyn,,,,,,,0,0,0,
haf,,,,,,,0,0,0,
PEZ,,,,,,,0,0,0,
erlang,,,,,,,0,0,0,
ardacetinkaya,,,,,,,0,0,0,
stuffmatic,,,,,,,0,0,0,
pirelenito,,,,,,,0,0,0,
MaikKlein,,,,,,,0,0,0,
icyJoseph,,,,,,,0,0,0,
pardeike,,,,,,,0,0,0,
pomle,,,,,,,0,0,0,
rarkins,,,,,,,0,0,0,
astrit,,,,,,,0,0,0,
filipmartinsson,,,,,,,0,0,0,
Marwes,,,,,,,0,0,0,
arirawr,,,,,,,0,0,0,
boredabdel,,,,,,,0,0,0,
felixjones,,,,,,,0,0,0,
CarlGroth,,,,,,,0,0,0,
garazdawi,,,,,,,0,0,0,
monperrus,,,,,,,0,0,0,
FredrikNoren,,,,,,,0,0,0,
dfahlander,,,,,,,0,0,0,
themaxsandelin,,,,,,,0,0,0,
plajjan,,,,,,,0,0,0,
ranisalt,,,,,,,0,0,0,
DMarby,,,,,,,0,0,0,
ilkermanap,,,,,,,0,0,0,
udoprog,,,,,,,0,0,0,
kvakvs,,,,,,,0,0,0,
bjorng,,,,,,,0,0,0,
mostafa,,,,,,,0,0,0,
samuelkraft,,,,,,,0,0,0,
jebox,,,,,,,0,0,0,
johanandren,,,,,,,0,0,0,
philpax,,,,,,,0,0,0,
hex2f,,,,,,,0,0,0,
Vintharas,,,,,,,0,0,0,
K-Phoen,,,,,,,0,0,0,
beiciliang,,,,,,,0,0,0,
Ezzpify,,,,,,,0,0,0,
pakerfeldt,,,,,,,0,0,0,
NickolajA,,,,,,,0,0,0,
Speedi13,,,,,,,0,0,0,
northvolt,,,,,,,0,0,0,
soulgalore,,,,,,,0,0,0,
benjdlambert,,,,,,,0,0,0,
khromov,,,,,,,0,0,0,
mehdy,,,,,,,0,0,0,
hraberg,,,,,,,0,0,0,
koreyspace,,,,,,,0,0,0,
magiconair,,,,,,,0,0,0,
ftrvxmtrx,,,,,,,0,0,0,
diogotcorreia,,,,,,,0,0,0,
kaaes,,,,,,,0,0,0,
frozzare,,,,,,,0,0,0,
rollbear,,,,,,,0,0,0,
andoma,,,,,,,0,0,0,
oeway,,,,,,,0,0,0,
NamitaMalik,,,,,,,0,0,0,
ChocoChipset,,,,,,,0,0,0,
wictorwilen,,,,,,,0,0,0,
rehrumesh,,,,,,,0,0,0,
samuell,,,,,,,0,0,0,
maxulysse,,,,,,,0,0,0,
Ali-Razmjoo,,,,,,,0,0,0,
bluecmd,,,,,,,0,0,0,
stakater,,,,,,,0,0,0,
kabirbaidhya,,,,,,,0,0,0,
marcusoftnet,,,,,,,0,0,0,
JensRantil,,,,,,,0,0,0,
hamidreza-s,,,,,,,0,0,0,
royshouvik,,,,,,,0,0,0,
Kimtaro,,,,,,,0,0,0,
camiloribeiro,,,,,,,0,0,0,
jmpas,,,,,,,0,0,0,
kopiro,,,,,,,0,0,0,
wille,,,,,,,0,0,0,
thelinmichael,,,,,,,0,0,0,
simeg,,,,,,,0,0,0,
happi,,,,,,,0,0,0,
kesla,,,,,,,0,0,0,
renatoathaydes,,,,,,,0,0,0,
anderseknert,,,,,,,0,0,0,
iKenndac,,,,,,,0,0,0,
Wumpf,,,,,,,0,0,0,
fabianperez,,,,,,,0,0,0,
Nilsen84,,,,,,,0,0,0,
AhmedAbdulrahman,,,,,,,0,0,0,
eliassjogreen,,,,,,,0,0,0,
5monkeys,,,,,,,0,0,0,
bhassani,,,,,,,0,0,0,
ledongthuc,,,,,,,0,0,0,
postmodernistx,,,,,,,0,0,0,
zth,,,,,,,0,0,0,
elitan,,,,,,,0,0,0,
bicycle1885,,,,,,,0,0,0,
Temaran,,,,,,,0,0,0,
tonythomas01,,,,,,,0,0,0,
dflemstr,,,,,,,0,0,0,
bergquist,,,,,,,0,0,0,
richtr,,,,,,,0,0,0,
seriyps,,,,,,,0,0,0,
hsjoberg,,,,,,,0,0,0,
lastguest,,,,,,,0,0,0,
luna-duclos,,,,,,,0,0,0,
rasmusbrandt,,,,,,,0,0,0,
Jiwan,,,,,,,0,0,0,
psyeugenic,,,,,,,0,0,0,
henninghall,,,,,,,0,0,0,
myshov,,,,,,,0,0,0,
jto,,,,,,,0,0,0,
ranveeraggarwal,,,,,,,0,0,0,
robertoaloi,,,,,,,0,0,0,
simonlindholm,,,,,,,0,0,0,
zegl,,,,,,,0,0,0,
jacksonfdam,,,,,,,0,0,0,
pliden,,,,,,,0,0,0,
supercurio,,,,,,,0,0,0,
blommegard,,,,,,,0,0,0,
andras-nemes,,,,,,,0,0,0,
niklasfrykholm,,,,,,,0,0,0,
Eyevinn,,,,,,,0,0,0,
72lions,,,,,,,0,0,0,
jkotlinski,,,,,,,0,0,0,
Jake-Shadle,,,,,,,0,0,0,
daniel-lundin,,,,,,,0,0,0,
elk-audio,,,,,,,0,0,0,
mropert,,,,,,,0,0,0,
nadam,,,,,,,0,0,0,
arthurdenner,,,,,,,0,0,0,
ezeoleaf,,,,,,,0,0,0,
ptz0n,,,,,,,0,0,0,
Nevon,,,,,,,0,0,0,
pythops,,,,,,,0,0,0,
GeneKao,,,,,,,0,0,0,
algomaster99,,,,,,,0,0,0,
charliejeppsson,,,,,,,0,0,0,
op,,,,,,,0,0,0,
freben,,,,,,,0,0,0,
zimme,,,,,,,0,0,0,
renard314,,,,,,,0,0,0,
hussius,,,,,,,0,0,0,
andreineculau,,,,,,,0,0,0,
possan,,,,,,,0,0,0,
AndersAbel,,,,,,,0,0,0,
maciekish,,,,,,,0,0,0,
Monereum,,,,,,,0,0,0,
ssheikholeslami,,,,,,,0,0,0,
dvdplm,,,,,,,0,0,0,
lindell,,,,,,,0,0,0,
jiwidi,,,,,,,0,0,0,
mayojava,,,,,,,0,0,0,
camilaibs,,,,,,,0,0,0,
etnt,,,,,,,0,0,0,
birkjernstrom,,,,,,,0,0,0,
FabrizioBrancati,,,,,,,0,0,0,
gdomiciano,,,,,,,0,0,0,
mahmudalhakim,,,,,,,0,0,0,
daniellee,,,,,,,0,0,0,
jishi,,,,,,,0,0,0,
JCash,,,,,,,0,0,0,
davidsjoberg,,,,,,,0,0,0,
pocketjoso,,,,,,,0,0,0,
mhagander,,,,,,,0,0,0,
IuryAlves,,,,,,,0,0,0,
alvarlagerlof,,,,,,,0,0,0,
bergmark,,,,,,,0,0,0,
csharpschool,,,,,,,0,0,0,
KTH-RPL,,,,,,,0,0,0,
superdump,,,,,,,0,0,0,
OskarSigvardsson,,,,,,,0,0,0,
mollstam,,,,,,,0,0,0,
felixmulder,,,,,,,0,0,0,
mptre,,,,,,,0,0,0,
xaviervia,,,,,,,0,0,0,
Kerem1989,,,,,,,0,0,0,
matinzd,,,,,,,0,0,0,
cyberw,,,,,,,0,0,0,
iconara,,,,,,,0,0,0,
erkie,,,,,,,0,0,0,
daniguerrato,,,,,,,0,0,0,
lefant,,,,,,,0,0,0,
SamLarenN,,,,,,,0,0,0,
hfreire,,,,,,,0,0,0,
EmilPoulsen,,,,,,,0,0,0,
ffdead,,,,,,,0,0,0,
perclasson,,,,,,,0,0,0,
klacke,,,,,,,0,0,0,
kolmodin,,,,,,,0,0,0,
TheMolkaPL,,,,,,,0,0,0,
Hjdskes,,,,,,,0,0,0,
simonduq,,,,,,,0,0,0,
panoply,,,,,,,0,0,0,
vlaaad,,,,,,,0,0,0,
hkupty,,,,,,,0,0,0,
marcelm,,,,,,,0,0,0,
willu47,,,,,,,0,0,0,
codechips,,,,,,,0,0,0,
freider,,,,,,,0,0,0,
tobiassjosten,,,,,,,0,0,0,
helioloureiro,,,,,,,0,0,0,
keeto,,,,,,,0,0,0,
miyconst,,,,,,,0,0,0,
albinekb,,,,,,,0,0,0,
linus,,,,,,,0,0,0,
juleZZZ,,,,,,,0,0,0,
jfacorro,,,,,,,0,0,0,
ashwinvis,,,,,,,0,0,0,
emiloberg,,,,,,,0,0,0,
zydeco,,,,,,,0,0,0,
MansMeg,,,,,,,0,0,0,
Olivia5k,,,,,,,0,0,0,
nordcloud,,,,,,,0,0,0,
williamhogman,,,,,,,0,0,0,
Mange,,,,,,,0,0,0,
nicktoumpelis,,,,,,,0,0,0,
MrAlek,,,,,,,0,0,0,
mansmahamat,,,,,,,0,0,0,
meadsteve,,,,,,,0,0,0,
kbladin,,,,,,,0,0,0,
zmstone,,,,,,,0,0,0,
dorukgezici,,,,,,,0,0,0,
fesplugas,,,,,,,0,0,0,
HaraldNordgren,,,,,,,0,0,0,
Technigo,,,,,,,0,0,0,
phaller,,,,,,,0,0,0,
bombsimon,,,,,,,0,0,0,
teoljungberg,,,,,,,0,0,0,
maandree,,,,,,,0,0,0,
GoranAviani,,,,,,,0,0,0,
Victorystick,,,,,,,0,0,0,
INCF,,,,,,,0,0,0,
xlson,,,,,,,0,0,0,
emlun,,,,,,,0,0,0,
cheerfulstoic,,,,,,,0,0,0,
AGulev,,,,,,,0,0,0,
krlvi,,,,,,,0,0,0,
fluffybeing,,,,,,,0,0,0,
amir-rahnama,,,,,,,0,0,0,
liufuyang,,,,,,,0,0,0,
dalen,,,,,,,0,0,0,
saltsthlm,,,,,,,0,0,0,
enceladosaurus,,,,,,,0,0,0,
episerver,,,,,,,0,0,0,
dc0d,,,,,,,0,0,0,
MoIbrahim15,,,,,,,0,0,0,
kallepersson,,,,,,,0,0,0,
zarinfam,,,,,,,0,0,0,
ln5,,,,,,,0,0,0,
ugurcanlacin,,,,,,,0,0,0,
emilolsson,,,,,,,0,0,0,
jamesmcm,,,,,,,0,0,0,
dainnilsson,,,,,,,0,0,0,
kalasjocke,,,,,,,0,0,0,
beeequeue,,,,,,,0,0,0,
nikreiman,,,,,,,0,0,0,
EmilStenstrom,,,,,,,0,0,0,
sedflix,,,,,,,0,0,0,
azr,,,,,,,0,0,0,
embark-studios,,,,,,,0,0,0,
inear,,,,,,,0,0,0,
jiexiong2016,,,,,,,0,0,0,
calleluks,,,,,,,0,0,0,
OmalPerera,,,,,,,0,0,0,
cabral,,,,,,,0,0,0,
rakibtg,,,,,,,0,0,0,
ennru,,,,,,,0,0,0,
KTH,,,,,,,0,0,0,
gabrielPeart,,,,,,,0,0,0,
mariorodeghiero,,,,,,,0,0,0,
murilopolese,,,,,,,0,0,0,
VZout,,,,,,,0,0,0,
beshrkayali,,,,,,,0,0,0,
toxinu,,,,,,,0,0,0,
koslib,,,,,,,0,0,0,
jimdowling,,,,,,,0,0,0,
CelikCebrail,,,,,,,0,0,0,
Lutando,,,,,,,0,0,0,
KrisJelbring,,,,,,,0,0,0,
joakimbeng,,,,,,,0,0,0,
thiagokimo,,,,,,,0,0,0,
MohammadKarimi23,,,,,,,0,0,0,
oalsing,,,,,,,0,0,0,
djui,,,,,,,0,0,0,
linhduongtuan,,,,,,,0,0,0,
epatel,,,,,,,0,0,0,
jakobmattsson,,,,,,,0,0,0,
zvonicek,,,,,,,0,0,0,
ogenstad,,,,,,,0,0,0,
hemangshah,,,,,,,0,0,0,
thinkverse,,,,,,,0,0,0,
niklasekstrom,,,,,,,0,0,0,
powercode,,,,,,,0,0,0,
danielgustafsson,,,,,,,0,0,0,
mikaelkaron,,,,,,,0,0,0,
cagdass,,,,,,,0,0,0,
Snuffleupagus,,,,,,,0,0,0,
lorainegarutti,,,,,,,0,0,0,
eandre,,,,,,,0,0,0,
logicalclocks,,,,,,,0,0,0,
inoerp,,,,,,,0,0,0,
numbata,,,,,,,0,0,0,
mengstr,,,,,,,0,0,0,
Sajjon,,,,,,,0,0,0,
TimonPost,,,,,,,0,0,0,
willianpaixao,,,,,,,0,0,0,
iffyio,,,,,,,0,0,0,
jeffersongirao,,,,,,,0,0,0,
wiledal,,,,,,,0,0,0,
erickguan,,,,,,,0,0,0,
amadeu01,,,,,,,0,0,0,
hannseman,,,,,,,0,0,0,
BullishVince,,,,,,,0,0,0,
mridgers,,,,,,,0,0,0,
volkansahin45,,,,,,,0,0,0,
fhqvst,,,,,,,0,0,0,
